Store,StoreType,Assortment,CompetitionDistance,Promo2,PromoInterval,CompetitionStartDate,Promo2StartDate
1,c,a,1270,0,,9/1/2008,1/1/1900
2,a,a,570,1,"Jan,Apr,Jul,Oct",11/1/2007,3/27/2010
3,a,a,14130,1,"Jan,Apr,Jul,Oct",12/1/2006,4/3/2011
4,c,c,620,0,,9/1/2009,1/1/1900
5,a,a,29910,0,,4/1/2015,1/1/1900
6,a,a,310,0,,12/1/2013,1/1/1900
7,a,c,24000,0,,4/1/2013,1/1/1900
8,a,a,7520,0,,10/1/2014,1/1/1900
9,a,c,2030,0,,8/1/2000,1/1/1900
10,a,a,3160,0,,9/1/2009,1/1/1900
11,a,c,960,1,"Jan,Apr,Jul,Oct",11/1/2011,1/2/2012
12,a,c,1070,1,"Jan,Apr,Jul,Oct",9/1/2012,3/27/2010
13,d,a,310,1,"Feb,May,Aug,Nov",9/1/2012,11/6/2009
14,a,a,1300,1,"Jan,Apr,Jul,Oct",3/1/2014,10/2/2011
15,d,c,4110,1,"Jan,Apr,Jul,Oct",3/1/2010,4/3/2011
16,a,c,3270,0,,9/1/2012,1/1/1900
17,a,a,50,1,"Jan,Apr,Jul,Oct",12/1/2005,6/26/2010
18,d,c,13840,1,"Jan,Apr,Jul,Oct",6/1/2010,4/2/2012
19,a,c,3240,1,"Mar,Jun,Sept,Dec",9/1/2012,5/29/2011
20,d,a,2340,1,"Jan,Apr,Jul,Oct",5/1/2009,10/2/2014
21,c,c,550,1,"Jan,Apr,Jul,Oct",10/1/1999,11/6/2009
22,a,a,1040,1,"Jan,Apr,Jul,Oct",9/1/2012,5/28/2012
23,d,a,4060,0,,8/1/2005,1/1/1900
24,a,c,4590,1,"Jan,Apr,Jul,Oct",3/1/2000,10/2/2011
25,c,a,430,0,,4/1/2003,1/1/1900
26,d,a,2300,0,,9/1/2012,1/1/1900
27,a,a,60,1,"Jan,Apr,Jul,Oct",1/1/2005,1/30/2011
28,a,a,1200,1,"Mar,Jun,Sept,Dec",10/1/2014,2/6/2015
29,d,c,2170,0,,9/1/2012,1/1/1900
30,a,a,40,1,"Mar,Jun,Sept,Dec",2/1/2014,3/6/2014
31,d,c,9800,0,,7/1/2012,1/1/1900
32,a,a,2910,1,"Feb,May,Aug,Nov",9/1/2012,11/6/2009
33,a,c,1320,0,,5/1/2013,1/1/1900
34,c,a,2240,0,,9/1/2009,1/1/1900
35,d,c,7660,1,"Jan,Apr,Jul,Oct",10/1/2000,1/2/2012
36,a,c,540,1,"Jan,Apr,Jul,Oct",6/1/2003,10/2/2014
37,c,a,4230,0,,12/1/2014,1/1/1900
38,d,a,1090,0,,4/1/2007,1/1/1900
39,a,a,260,1,"Feb,May,Aug,Nov",10/1/2006,7/31/2013
40,a,a,180,1,"Feb,May,Aug,Nov",9/1/2012,11/6/2009
41,d,c,1180,1,"Jan,Apr,Jul,Oct",9/1/2012,7/31/2013
42,a,c,290,1,"Jan,Apr,Jul,Oct",9/1/2012,10/2/2011
43,d,a,4880,1,"Jan,Apr,Jul,Oct",9/1/2012,9/11/2009
44,a,a,540,0,,6/1/2011,1/1/1900
45,d,a,9710,0,,2/1/2014,1/1/1900
46,c,a,1200,1,"Jan,Apr,Jul,Oct",9/1/2005,4/3/2011
47,a,c,270,1,"Jan,Apr,Jul,Oct",4/1/2013,4/3/2013
48,a,a,1060,0,,5/1/2012,1/1/1900
49,d,c,18010,0,,9/1/2007,1/1/1900
50,d,a,6260,0,,11/1/2009,1/1/1900
51,a,c,10570,1,"Jan,Apr,Jul,Oct",7/1/2013,2/27/2011
52,d,c,450,1,"Jan,Apr,Jul,Oct",4/1/2014,9/25/2010
53,a,c,30360,0,,9/1/2013,1/1/1900
54,d,c,7170,1,"Feb,May,Aug,Nov",8/1/2014,1/30/2013
55,a,a,720,0,,11/1/2004,1/1/1900
56,d,c,6620,1,"Mar,Jun,Sept,Dec",3/1/2012,3/6/2014
57,d,c,420,0,,6/1/2014,1/1/1900
58,a,c,7340,1,"Jan,Apr,Jul,Oct",5/1/2008,7/2/2012
59,a,c,2840,1,"Jan,Apr,Jul,Oct",6/1/2007,4/3/2011
60,d,c,5540,0,,10/1/2009,1/1/1900
61,a,c,350,1,"Jan,Apr,Jul,Oct",12/1/2007,1/2/2012
62,a,a,2050,0,,9/1/2012,1/1/1900
63,c,c,3700,1,"Feb,May,Aug,Nov",6/1/2010,5/1/2010
64,d,c,22560,1,"Jan,Apr,Jul,Oct",9/1/2012,4/3/2013
65,a,c,13840,1,"Jan,Apr,Jul,Oct",5/1/2010,1/2/2012
66,d,a,7660,1,"Jan,Apr,Jul,Oct",9/1/2012,9/11/2009
67,a,c,410,0,,2/1/2006,1/1/1900
68,a,c,250,1,"Mar,Jun,Sept,Dec",9/1/2012,8/27/2012
69,c,c,1130,1,"Jan,Apr,Jul,Oct",9/1/2012,10/2/2011
70,c,c,4840,0,,9/1/2012,1/1/1900
71,a,a,17500,1,"Mar,Jun,Sept,Dec",8/1/2008,9/11/2009
72,a,a,2200,1,"Jan,Apr,Jul,Oct",12/1/2009,3/27/2010
73,a,c,1650,0,,9/1/2008,1/1/1900
74,a,a,330,0,,9/1/2012,1/1/1900
75,d,c,22440,0,,12/1/2013,1/1/1900
76,d,c,19960,0,,3/1/2006,1/1/1900
77,d,c,1090,1,"Jan,Apr,Jul,Oct",8/1/2009,3/6/2014
78,a,a,3510,1,"Feb,May,Aug,Nov",11/1/2006,1/30/2013
79,a,a,3320,0,,9/1/2012,1/1/1900
80,d,a,7910,0,,9/1/2012,1/1/1900
81,a,a,2370,1,"Jan,Apr,Jul,Oct",3/1/2011,10/2/2014
82,a,a,22390,1,"Jan,Apr,Jul,Oct",4/1/2008,9/11/2009
83,a,a,2710,0,,9/1/2012,1/1/1900
84,a,c,11810,0,,8/1/2014,1/1/1900
85,b,a,1870,0,,10/1/2011,1/1/1900
86,a,a,480,1,"Jan,Apr,Jul,Oct",2/1/2005,7/31/2013
87,a,a,560,0,,12/1/2010,1/1/1900
88,a,a,10690,0,,10/1/2005,1/1/1900
89,a,a,2380,1,"Jan,Apr,Jul,Oct",7/1/2004,10/2/2014
90,a,a,330,0,,11/1/2007,1/1/1900
91,c,a,2410,1,"Jan,Apr,Jul,Oct",9/1/2012,8/28/2011
92,c,a,240,1,"Feb,May,Aug,Nov",9/1/2012,11/6/2009
93,a,a,16690,1,"Jan,Apr,Jul,Oct",9/1/2012,4/3/2011
94,d,c,14620,0,,9/1/2012,1/1/1900
95,a,a,1890,0,,10/1/2014,1/1/1900
96,a,a,8780,1,"Jan,Apr,Jul,Oct",2/1/2005,9/11/2009
97,d,c,8980,0,,9/1/2012,1/1/1900
98,d,c,15140,1,"Jan,Apr,Jul,Oct",12/1/2006,1/2/2012
99,c,c,2030,1,"Mar,Jun,Sept,Dec",11/1/2003,5/28/2012
100,d,a,17930,0,,9/1/2012,1/1/1900
101,d,c,2440,1,"Mar,Jun,Sept,Dec",9/1/2012,5/28/2012
102,a,a,150,1,"Mar,Jun,Sept,Dec",12/1/2007,3/6/2014
103,d,c,5210,0,,5/1/2015,1/1/1900
104,a,a,390,0,,6/1/2009,1/1/1900
105,a,c,6190,1,"Mar,Jun,Sept,Dec",9/1/2012,6/5/2013
106,a,a,1390,0,,8/1/2013,1/1/1900
107,a,a,1930,0,,9/1/2009,1/1/1900
108,d,c,2190,0,,9/1/2003,1/1/1900
109,a,c,3300,0,,11/1/2010,1/1/1900
110,a,c,46590,0,,4/1/2013,1/1/1900
111,d,c,7890,1,"Jan,Apr,Jul,Oct",9/1/2012,9/11/2009
112,a,a,1630,0,,9/1/2009,1/1/1900
113,d,c,20930,0,,11/1/1999,1/1/1900
114,c,a,4510,1,"Mar,Jun,Sept,Dec",9/1/2012,11/27/2011
115,d,c,5740,1,"Jan,Apr,Jul,Oct",4/1/2007,10/2/2014
116,a,a,680,0,,4/1/2013,1/1/1900
117,a,a,3450,0,,9/1/2011,1/1/1900
118,d,c,3580,0,,9/1/2012,1/1/1900
119,a,c,2100,0,,2/1/2010,1/1/1900
120,d,a,2290,1,"Jan,Apr,Jul,Oct",12/1/2014,9/11/2009
121,a,a,3570,1,"Mar,Jun,Sept,Dec",11/1/2009,9/4/2013
122,a,c,58260,0,,4/1/2013,1/1/1900
123,a,a,16760,0,,9/1/2011,1/1/1900
124,a,a,1410,0,,4/1/2003,1/1/1900
125,a,a,760,0,,12/1/2005,1/1/1900
126,d,a,3370,1,"Feb,May,Aug,Nov",10/1/2014,5/1/2011
127,d,a,1350,1,"Jan,Apr,Jul,Oct",12/1/2005,3/27/2010
128,d,c,2000,1,"Jan,Apr,Jul,Oct",9/1/2012,1/2/2013
129,a,a,2460,1,"Jan,Apr,Jul,Oct",9/1/2012,4/3/2011
130,c,a,900,1,"Jan,Apr,Jul,Oct",9/1/2012,3/27/2010
131,c,a,920,0,,7/1/2015,1/1/1900
132,d,c,1040,1,"Jan,Apr,Jul,Oct",9/1/2012,7/2/2012
133,a,a,270,1,"Mar,Jun,Sept,Dec",8/1/2013,3/6/2014
134,a,a,1200,0,,9/1/2008,1/1/1900
135,d,a,5190,1,"Jan,Apr,Jul,Oct",9/1/2012,1/2/2013
136,a,c,2200,1,"Feb,May,Aug,Nov",12/1/2010,5/28/2012
137,a,a,1730,1,"Jan,Apr,Jul,Oct",7/1/2015,10/2/2014
138,a,c,25360,0,,10/1/2014,1/1/1900
139,a,a,1700,1,"Jan,Apr,Jul,Oct",1/1/2008,4/3/2011
140,a,c,1090,1,"Jan,Apr,Jul,Oct",7/1/2010,1/2/2013
141,c,c,1540,1,"Mar,Jun,Sept,Dec",9/1/2012,5/28/2012
142,a,a,1090,0,,7/1/2002,1/1/1900
143,d,a,2930,0,,12/1/2002,1/1/1900
144,a,c,16570,0,,9/1/2012,1/1/1900
145,a,a,280,1,"Feb,May,Aug,Nov",9/1/2012,11/6/2009
146,d,c,8050,1,"Jan,Apr,Jul,Oct",10/1/1961,11/26/2012
147,d,c,8540,0,,9/1/2012,1/1/1900
148,a,a,2090,0,,12/1/2008,1/1/1900
149,d,a,2610,1,"Jan,Apr,Jul,Oct",7/1/2006,4/3/2011
150,c,c,31830,0,,3/1/2010,1/1/1900
151,d,c,4360,0,,10/1/2005,1/1/1900
152,a,a,1780,0,,9/1/2012,1/1/1900
153,a,a,16240,1,"Feb,May,Aug,Nov",10/1/2000,5/1/2011
154,d,c,16420,0,,9/1/2012,1/1/1900
155,d,a,3050,1,"Jan,Apr,Jul,Oct",9/1/2012,8/28/2010
156,a,a,2020,1,"Mar,Jun,Sept,Dec",2/1/2011,4/3/2011
157,a,c,2950,0,,10/1/2004,1/1/1900
158,d,c,11840,1,"Feb,May,Aug,Nov",9/1/2012,7/31/2009
159,d,a,8530,0,,3/1/2013,1/1/1900
160,d,c,17110,0,,11/1/2005,1/1/1900
161,a,c,2970,0,,3/1/2005,1/1/1900
162,d,c,5340,1,"Jan,Apr,Jul,Oct",3/1/2012,3/27/2010
163,a,a,1480,0,,4/1/2009,1/1/1900
164,a,a,1160,1,"Jan,Apr,Jul,Oct",9/1/2005,3/27/2010
165,a,a,3720,1,"Jan,Apr,Jul,Oct",4/1/2005,3/27/2010
166,a,c,100,1,"Jan,Apr,Jul,Oct",4/1/2014,7/31/2013
167,a,a,140,0,,4/1/2008,1/1/1900
168,a,a,12540,0,,9/1/2012,1/1/1900
169,d,a,980,1,"Feb,May,Aug,Nov",7/1/2014,5/1/2014
170,a,a,1070,1,"Jan,Apr,Jul,Oct",5/1/2015,4/3/2011
171,a,a,2640,0,,9/1/2012,1/1/1900
172,a,a,110,1,"Jan,Apr,Jul,Oct",9/1/2012,10/2/2014
173,a,a,350,0,,12/1/2012,1/1/1900
174,a,a,13090,1,"Jan,Apr,Jul,Oct",9/1/2012,5/28/2012
175,c,a,4130,0,,9/1/2012,1/1/1900
176,a,a,3770,0,,9/1/2012,1/1/1900
177,a,a,1250,1,"Feb,May,Aug,Nov",2/1/2004,1/30/2013
178,d,a,1710,0,,9/1/2012,1/1/1900
179,a,c,480,0,,9/1/2012,1/1/1900
180,d,a,5800,0,,9/1/2010,1/1/1900
181,a,a,12610,1,"Jan,Apr,Jul,Oct",3/1/2013,4/3/2011
182,d,c,1390,1,"Mar,Jun,Sept,Dec",9/1/2012,2/27/2011
183,a,a,9670,0,,9/1/2012,1/1/1900
184,d,c,3560,0,,9/1/2012,1/1/1900
185,d,c,1860,0,,5/1/2015,1/1/1900
186,a,a,290,1,"Jan,Apr,Jul,Oct",10/1/2011,10/2/2014
187,a,c,19360,0,,9/1/2012,1/1/1900
188,d,a,850,1,"Feb,May,Aug,Nov",9/1/2012,5/1/2011
189,d,a,5760,0,,7/1/2014,1/1/1900
190,a,a,1470,1,"Jan,Apr,Jul,Oct",12/1/2006,10/2/2014
191,a,a,1100,1,"Jan,Apr,Jul,Oct",8/1/2013,10/2/2014
192,d,c,2770,1,"Jan,Apr,Jul,Oct",3/1/2008,10/2/2014
193,a,a,520,0,,9/1/2012,1/1/1900
194,d,c,16970,1,"Feb,May,Aug,Nov",9/1/2012,1/30/2013
195,a,c,220,0,,9/1/2012,1/1/1900
196,c,a,3850,1,"Jan,Apr,Jul,Oct",11/1/2005,4/3/2011
197,c,a,4210,0,,3/1/2015,1/1/1900
198,a,a,290,1,"Jan,Apr,Jul,Oct",9/1/2002,3/27/2010
199,d,c,6360,1,"Mar,Jun,Sept,Dec",12/1/2010,4/2/2012
200,a,a,1650,0,,10/1/2000,1/1/1900
201,d,a,20260,1,"Mar,Jun,Sept,Dec",9/1/2012,5/1/2014
202,d,c,5140,0,,5/1/2010,1/1/1900
203,c,c,490,0,,11/1/2002,1/1/1900
204,a,a,5630,1,"Jan,Apr,Jul,Oct",12/1/2002,10/2/2014
205,a,a,110,0,,12/1/2007,1/1/1900
206,a,c,380,1,"Jan,Apr,Jul,Oct",9/1/2012,4/2/2012
207,a,a,6870,0,,9/1/2012,1/1/1900
208,c,a,300,0,,4/1/2006,1/1/1900
209,a,c,11680,1,"Jan,Apr,Jul,Oct",9/1/2011,7/31/2013
210,d,a,970,1,"Feb,May,Aug,Nov",11/1/1999,1/30/2013
211,a,c,350,0,,11/1/2006,1/1/1900
212,a,c,15050,0,,9/1/2008,1/1/1900
213,d,c,4030,1,"Jan,Apr,Jul,Oct",3/1/2014,1/2/2014
214,d,a,8650,1,"Jan,Apr,Jul,Oct",7/1/2013,3/6/2014
215,d,a,150,1,"Feb,May,Aug,Nov",9/1/2012,11/6/2009
216,c,a,190,1,"Feb,May,Aug,Nov",9/1/2012,11/6/2009
217,c,a,3150,0,,9/1/2012,1/1/1900
218,a,c,640,1,"Mar,Jun,Sept,Dec",9/1/2012,2/27/2011
219,a,a,1640,0,,2/1/2013,1/1/1900
220,a,a,1000,0,,9/1/2008,1/1/1900
221,d,c,13530,0,,9/1/2013,1/1/1900
222,a,a,2170,0,,11/1/2008,1/1/1900
223,d,c,2920,1,"Jan,Apr,Jul,Oct",10/1/1995,7/3/2011
224,d,c,7930,1,"Jan,Apr,Jul,Oct",9/1/2012,1/2/2013
225,d,a,10180,0,,5/1/2015,1/1/1900
226,a,a,450,0,,9/1/2012,1/1/1900
227,a,a,2370,0,,9/1/2012,1/1/1900
228,d,c,10800,1,"Feb,May,Aug,Nov",9/1/2012,5/1/2011
229,d,c,17410,1,"Jan,Apr,Jul,Oct",4/1/2007,4/3/2011
230,d,c,6680,0,,9/1/2013,1/1/1900
231,d,c,3840,1,"Feb,May,Aug,Nov",10/1/2008,9/25/2010
232,c,c,13570,1,"Mar,Jun,Sept,Dec",5/1/2010,3/6/2013
233,a,a,1890,0,,9/1/2012,1/1/1900
234,d,a,4370,0,,9/1/2012,1/1/1900
235,a,a,5710,1,"Jan,Apr,Jul,Oct",3/1/2012,9/11/2009
236,a,a,1000,0,,11/1/2007,1/1/1900
237,a,a,1420,0,,11/1/2007,1/1/1900
238,a,a,320,1,"Feb,May,Aug,Nov",9/1/2012,11/6/2009
239,d,c,610,0,,9/1/2012,1/1/1900
240,a,a,1110,0,,5/1/2009,1/1/1900
241,d,c,780,0,,9/1/2012,1/1/1900
242,d,a,6880,1,"Jan,Apr,Jul,Oct",9/1/2001,4/3/2011
243,a,a,310,1,"Feb,May,Aug,Nov",9/1/2012,1/30/2013
244,d,a,710,1,"Jan,Apr,Jul,Oct",3/1/2012,1/2/2012
245,a,c,1310,0,,9/1/2012,1/1/1900
246,c,a,4660,0,,4/1/2013,1/1/1900
247,d,c,70,1,"Feb,May,Aug,Nov",11/1/2010,1/30/2013
248,a,c,340,1,"Jan,Apr,Jul,Oct",9/1/2012,10/1/2012
249,d,c,18010,0,,9/1/2014,1/1/1900
250,d,a,3520,1,"Feb,May,Aug,Nov",9/1/2012,4/30/2012
251,a,c,340,0,,9/1/2012,1/1/1900
252,d,c,22330,1,"Feb,May,Aug,Nov",9/1/2012,1/30/2010
253,a,c,250,1,"Feb,May,Aug,Nov",9/1/2012,1/30/2013
254,d,a,330,1,"Mar,Jun,Sept,Dec",3/1/2008,1/2/2012
255,c,c,4630,1,"Feb,May,Aug,Nov",3/1/2011,8/28/2011
256,a,c,80,1,"Mar,Jun,Sept,Dec",9/1/2005,3/6/2014
257,a,a,420,0,,12/1/2012,1/1/1900
258,a,a,27190,1,"Jan,Apr,Jul,Oct",7/1/2010,9/11/2009
259,b,b,210,0,,9/1/2012,1/1/1900
260,a,a,540,0,,10/1/2011,1/1/1900
261,d,c,15340,1,"Jan,Apr,Jul,Oct",4/1/2015,9/25/2009
262,b,a,1180,0,,5/1/2013,1/1/1900
263,a,c,1140,1,"Jan,Apr,Jul,Oct",5/1/2013,10/2/2014
264,a,a,180,0,,3/1/2014,1/1/1900
265,a,a,4580,1,"Jan,Apr,Jul,Oct",9/1/2012,4/3/2015
266,a,c,360,1,"Mar,Jun,Sept,Dec",3/1/2014,2/27/2011
267,c,a,2460,0,,1/1/2012,1/1/1900
268,a,a,4520,0,,2/1/2014,1/1/1900
269,a,c,60,0,,6/1/2015,1/1/1900
270,a,a,1450,0,,7/1/2014,1/1/1900
271,a,a,420,1,"Jan,Apr,Jul,Oct",9/1/2012,4/3/2011
272,a,a,16180,1,"Jan,Apr,Jul,Oct",7/1/2003,4/3/2011
273,a,c,8480,0,,9/1/2012,1/1/1900
274,b,b,3640,1,"Jan,Apr,Jul,Oct",9/1/2012,3/6/2013
275,d,a,300,1,"Jan,Apr,Jul,Oct",5/1/2014,10/2/2014
276,a,a,2960,1,"Mar,Jun,Sept,Dec",10/1/2014,9/4/2013
277,d,c,7840,1,"Feb,May,Aug,Nov",9/1/2012,7/31/2009
278,a,c,9260,0,,2/1/2010,1/1/1900
279,d,c,2320,1,"Jan,Apr,Jul,Oct",9/1/2012,10/1/2012
280,d,c,18640,1,"Mar,Jun,Sept,Dec",9/1/2013,3/6/2014
281,d,c,6970,0,,9/1/2011,1/1/1900
282,a,a,1220,0,,12/1/2010,1/1/1900
283,a,a,2260,1,"Jan,Apr,Jul,Oct",9/1/2012,10/2/2014
284,d,a,1290,1,"Jan,Apr,Jul,Oct",9/1/2012,10/2/2014
285,a,a,2410,0,,9/1/2012,1/1/1900
286,a,a,1460,0,,4/1/2015,1/1/1900
287,c,a,2740,1,"Jan,Apr,Jul,Oct",5/1/2009,10/2/2014
288,d,a,800,1,"Mar,Jun,Sept,Dec",9/1/2012,4/3/2011
289,d,a,6540,0,,12/1/2007,1/1/1900
290,a,a,4150,0,,5/1/2001,1/1/1900
291,d,a,5404.901079,0,,9/1/2012,1/1/1900
292,a,a,1100,0,,6/1/2009,1/1/1900
293,c,c,140,0,,11/1/2007,1/1/1900
294,a,a,3150,0,,5/1/2005,1/1/1900
295,a,a,210,1,"Mar,Jun,Sept,Dec",11/1/2000,9/4/2013
296,a,a,9580,1,"Feb,May,Aug,Nov",5/1/2007,11/6/2014
297,a,a,2300,0,,9/1/2010,1/1/1900
298,d,a,19840,0,,7/1/2009,1/1/1900
299,d,c,38630,0,,9/1/2012,1/1/1900
300,a,c,120,1,"Jan,Apr,Jul,Oct",4/1/2009,1/2/2012
301,a,c,4510,0,,3/1/2015,1/1/1900
302,d,c,2190,1,"Mar,Jun,Sept,Dec",12/1/2007,2/27/2011
303,a,a,15430,1,"Feb,May,Aug,Nov",11/1/2012,5/1/2011
304,a,a,1950,0,,7/1/2015,1/1/1900
305,c,c,2470,1,"Mar,Jun,Sept,Dec",2/1/2005,7/31/2013
306,a,a,5100,1,"Jan,Apr,Jul,Oct",4/1/2007,10/2/2014
307,a,a,18660,0,,9/1/2002,1/1/1900
308,a,a,1070,1,"Jan,Apr,Jul,Oct",12/1/2006,3/27/2010
309,d,a,8740,1,"Feb,May,Aug,Nov",9/1/2012,9/11/2009
310,a,c,2290,1,"Mar,Jun,Sept,Dec",9/1/2012,3/6/2014
311,a,c,680,0,,7/1/2005,1/1/1900
312,d,a,11300,0,,3/1/2012,1/1/1900
313,d,c,14160,0,,9/1/2012,1/1/1900
314,a,a,3560,1,"Feb,May,Aug,Nov",10/1/2001,7/31/2013
315,a,c,38710,0,,4/1/2013,1/1/1900
316,d,a,9000,0,,8/1/2001,1/1/1900
317,d,a,3140,1,"Jan,Apr,Jul,Oct",7/1/2013,4/3/2011
318,d,c,32330,0,,3/1/2014,1/1/1900
319,a,c,570,1,"Mar,Jun,Sept,Dec",9/1/2012,7/2/2012
320,a,c,210,0,,9/1/2012,1/1/1900
321,c,c,8140,1,"Mar,Jun,Sept,Dec",11/1/2013,3/6/2014
322,a,a,17500,1,"Jan,Apr,Jul,Oct",4/1/2001,9/11/2009
323,d,c,8400,1,"Feb,May,Aug,Nov",4/1/2012,1/30/2013
324,a,a,13140,1,"Jan,Apr,Jul,Oct",9/1/2012,4/3/2011
325,a,c,350,1,"Feb,May,Aug,Nov",3/1/2011,5/29/2011
326,d,a,10070,1,"Feb,May,Aug,Nov",5/1/2015,7/31/2013
327,c,c,1390,0,,12/1/2004,1/1/1900
328,a,a,3130,0,,7/1/2002,1/1/1900
329,a,a,1310,1,"Mar,Jun,Sept,Dec",6/1/1990,5/28/2012
330,a,c,370,1,"Mar,Jun,Sept,Dec",9/1/2012,5/28/2012
331,a,c,670,1,"Jan,Apr,Jul,Oct",9/1/2012,4/3/2015
332,a,a,1840,0,,3/1/2006,1/1/1900
333,a,c,3720,0,,2/1/2010,1/1/1900
334,d,c,4040,1,"Mar,Jun,Sept,Dec",8/1/2008,5/1/2013
335,b,a,90,1,"Jan,Apr,Jul,Oct",9/1/2012,7/31/2013
336,a,a,190,0,,7/1/2014,1/1/1900
337,d,c,10600,1,"Feb,May,Aug,Nov",7/1/2005,11/6/2014
338,a,c,1590,1,"Jan,Apr,Jul,Oct",9/1/2012,9/11/2009
339,a,c,2280,1,"Mar,Jun,Sept,Dec",9/1/2012,3/6/2013
340,a,c,8080,0,,9/1/2012,1/1/1900
341,a,a,190,0,,9/1/2011,1/1/1900
342,d,c,15770,1,"Jan,Apr,Jul,Oct",9/1/2012,10/2/2014
343,d,a,18650,1,"Jan,Apr,Jul,Oct",4/1/2004,4/3/2014
344,a,c,300,1,"Jan,Apr,Jul,Oct",4/1/2011,4/3/2011
345,a,a,120,1,"Jan,Apr,Jul,Oct",9/1/2012,5/28/2012
346,a,c,8090,0,,9/1/2012,1/1/1900
347,d,c,9360,1,"Mar,Jun,Sept,Dec",7/1/2013,5/28/2012
348,a,a,16490,1,"Jan,Apr,Jul,Oct",9/1/2012,5/28/2012
349,c,c,1490,0,,4/1/2009,1/1/1900
350,d,a,8880,1,"Jan,Apr,Jul,Oct",9/1/2012,4/3/2011
351,a,a,5290,1,"Feb,May,Aug,Nov",11/1/2012,1/30/2013
352,d,c,6360,1,"Mar,Jun,Sept,Dec",9/1/2012,10/1/2012
353,b,b,900,1,"Feb,May,Aug,Nov",9/1/2012,4/3/2013
354,d,c,1500,0,,10/1/2005,1/1/1900
355,a,c,9720,0,,8/1/2013,1/1/1900
356,d,c,8970,1,"Feb,May,Aug,Nov",12/1/2007,5/28/2012
357,a,a,2060,0,,10/1/2008,1/1/1900
358,a,a,2890,0,,10/1/2003,1/1/1900
359,d,c,4370,0,,9/1/2012,1/1/1900
360,a,a,2040,0,,6/1/2007,1/1/1900
361,c,c,4490,1,"Feb,May,Aug,Nov",5/1/2014,1/30/2013
362,c,c,340,0,,9/1/2012,1/1/1900
363,a,a,250,0,,9/1/2009,1/1/1900
364,a,c,13620,1,"Mar,Jun,Sept,Dec",9/1/2012,3/6/2014
365,c,a,2410,1,"Feb,May,Aug,Nov",9/1/2012,11/6/2009
366,d,c,6470,0,,12/1/2004,1/1/1900
367,d,c,2640,0,,9/1/2012,1/1/1900
368,d,c,1450,1,"Feb,May,Aug,Nov",4/1/2005,11/6/2009
369,d,c,5870,0,,4/1/2014,1/1/1900
370,d,a,8250,1,"Jan,Apr,Jul,Oct",10/1/2000,7/31/2009
371,d,c,1970,1,"Feb,May,Aug,Nov",7/1/2009,11/6/2014
372,d,c,4880,1,"Jan,Apr,Jul,Oct",8/1/2010,5/1/2014
373,d,c,11120,1,"Jan,Apr,Jul,Oct",9/1/2012,5/28/2012
374,a,a,1150,0,,9/1/2007,1/1/1900
375,a,c,15710,1,"Jan,Apr,Jul,Oct",2/1/2013,9/11/2009
376,a,a,160,0,,8/1/2012,1/1/1900
377,a,c,100,1,"Feb,May,Aug,Nov",6/1/2010,5/1/2010
378,a,c,2140,0,,8/1/2012,1/1/1900
379,d,a,6630,0,,9/1/2012,1/1/1900
380,a,a,2240,1,"Mar,Jun,Sept,Dec",5/1/2013,3/6/2014
381,a,a,1800,1,"Feb,May,Aug,Nov",11/1/2006,1/30/2013
382,c,c,26130,0,,11/1/2002,1/1/1900
383,a,c,350,0,,9/1/2012,1/1/1900
384,a,c,130,1,"Jan,Apr,Jul,Oct",9/1/2012,4/3/2011
385,d,a,4580,0,,9/1/2007,1/1/1900
386,d,c,1460,1,"Jan,Apr,Jul,Oct",4/1/2014,7/31/2013
387,c,a,210,1,"Mar,Jun,Sept,Dec",9/1/2012,9/4/2013
388,a,a,2260,0,,9/1/2012,1/1/1900
389,a,c,6690,0,,8/1/2011,1/1/1900
390,a,c,1600,0,,4/1/2009,1/1/1900
391,a,a,460,1,"Feb,May,Aug,Nov",11/1/2014,7/31/2013
392,a,a,2120,0,,9/1/2012,1/1/1900
393,d,c,4820,0,,3/1/2008,1/1/1900
394,d,a,10850,0,,9/1/2012,1/1/1900
395,a,a,3620,0,,2/1/2013,1/1/1900
396,a,c,23130,0,,9/1/2012,1/1/1900
397,a,c,130,1,"Feb,May,Aug,Nov",9/1/2012,7/3/2013
398,c,c,1540,1,"Jan,Apr,Jul,Oct",9/1/2012,1/2/2012
399,a,a,5360,1,"Jan,Apr,Jul,Oct",9/1/2012,10/2/2011
400,a,a,70,1,"Jan,Apr,Jul,Oct",11/1/2004,4/3/2011
401,a,c,9200,1,"Jan,Apr,Jul,Oct",10/1/2009,4/2/2012
402,c,c,5830,1,"Jan,Apr,Jul,Oct",9/1/2011,3/27/2010
403,a,a,4970,0,,7/1/2015,1/1/1900
404,a,c,1420,1,"Mar,Jun,Sept,Dec",9/1/2012,3/6/2013
405,a,a,1080,1,"Jan,Apr,Jul,Oct",4/1/2008,4/3/2011
406,d,c,8240,1,"Feb,May,Aug,Nov",3/1/2001,3/6/2013
407,a,a,5890,1,"Feb,May,Aug,Nov",10/1/2003,4/3/2011
408,c,a,1560,1,"Feb,May,Aug,Nov",9/1/2012,11/6/2009
409,d,c,840,1,"Jan,Apr,Jul,Oct",9/1/2012,1/2/2013
410,c,a,40,1,"Mar,Jun,Sept,Dec",11/1/2011,5/28/2012
411,d,c,8460,0,,9/1/2012,1/1/1900
412,d,c,4460,1,"Jan,Apr,Jul,Oct",9/1/2012,9/25/2010
413,a,c,760,0,,9/1/2014,1/1/1900
414,d,c,6210,1,"Jan,Apr,Jul,Oct",9/1/2012,1/2/2013
415,d,c,6910,0,,4/1/2005,1/1/1900
416,a,c,4650,0,,6/1/2014,1/1/1900
417,a,c,840,1,"Jan,Apr,Jul,Oct",9/1/2012,3/6/2014
418,a,a,1060,1,"Feb,May,Aug,Nov",5/1/2009,7/3/2011
419,c,a,1620,0,,9/1/2009,1/1/1900
420,d,c,250,1,"Jan,Apr,Jul,Oct",9/1/2012,7/2/2012
421,c,c,3530,1,"Mar,Jun,Sept,Dec",6/1/2012,8/27/2012
422,a,c,2880,0,,9/1/2012,1/1/1900
423,b,a,1270,0,,5/1/2014,1/1/1900
424,d,c,1250,1,"Jan,Apr,Jul,Oct",9/1/2012,10/2/2011
425,d,c,1460,0,,9/1/2012,1/1/1900
426,a,a,250,0,,9/1/2012,1/1/1900
427,a,c,70,1,"Jan,Apr,Jul,Oct",7/1/2005,3/27/2010
428,d,a,2960,1,"Mar,Jun,Sept,Dec",12/1/2014,6/5/2015
429,d,c,16350,1,"Jan,Apr,Jul,Oct",7/1/2005,7/31/2013
430,d,c,12870,0,,10/1/2008,1/1/1900
431,d,c,4520,0,,9/1/2012,1/1/1900
432,a,a,810,0,,5/1/2013,1/1/1900
433,a,c,30030,0,,11/1/2010,1/1/1900
434,a,a,13020,1,"Jan,Apr,Jul,Oct",8/1/2003,10/2/2014
435,a,a,910,0,,9/1/2012,1/1/1900
436,d,a,2300,0,,9/1/2012,1/1/1900
437,c,c,430,1,"Jan,Apr,Jul,Oct",9/1/2012,12/11/2010
438,d,c,1110,1,"Jan,Apr,Jul,Oct",9/1/2012,10/1/2012
439,a,a,1350,0,,9/1/2009,1/1/1900
440,d,a,3900,1,"Feb,May,Aug,Nov",4/1/2005,11/6/2009
441,d,a,2530,0,,9/1/2012,1/1/1900
442,c,a,500,1,"Feb,May,Aug,Nov",9/1/2012,11/6/2009
443,d,a,11400,0,,12/1/2005,1/1/1900
444,c,a,1700,0,,11/1/2009,1/1/1900
445,a,a,240,0,,9/1/2012,1/1/1900
446,a,a,340,1,"Feb,May,Aug,Nov",10/1/2000,7/31/2013
447,a,c,1510,0,,9/1/2013,1/1/1900
448,a,c,3970,0,,9/1/2009,1/1/1900
449,a,c,120,1,"Jan,Apr,Jul,Oct",12/1/2014,9/11/2009
450,c,a,5780,1,"Mar,Jun,Sept,Dec",11/1/1994,3/6/2014
451,a,a,2460,1,"Jan,Apr,Jul,Oct",4/1/2009,3/27/2010
452,a,c,1850,1,"Feb,May,Aug,Nov",8/1/2013,1/30/2011
453,a,c,75860,0,,9/1/2012,1/1/1900
454,a,a,26450,0,,9/1/2012,1/1/1900
455,d,c,7660,0,,9/1/2010,1/1/1900
456,a,c,140,0,,9/1/2012,1/1/1900
457,d,c,13140,1,"Jan,Apr,Jul,Oct",9/1/2012,7/31/2013
458,c,a,3390,0,,9/1/2012,1/1/1900
459,a,a,250,1,"Feb,May,Aug,Nov",9/1/2008,1/30/2013
460,a,a,34050,0,,4/1/2008,1/1/1900
461,d,c,1790,1,"Jan,Apr,Jul,Oct",7/1/2013,10/2/2013
462,a,a,44320,0,,8/1/2008,1/1/1900
463,a,a,4160,0,,9/1/2012,1/1/1900
464,c,a,520,0,,3/1/2009,1/1/1900
465,d,c,10890,0,,4/1/2005,1/1/1900
466,a,c,3110,0,,3/1/2003,1/1/1900
467,a,c,20390,0,,4/1/2008,1/1/1900
468,c,c,5260,0,,9/1/2012,1/1/1900
469,c,c,710,0,,9/1/2005,1/1/1900
470,a,c,50,0,,9/1/2012,1/1/1900
471,d,a,5300,1,"Feb,May,Aug,Nov",9/1/2012,11/6/2009
472,c,c,5030,0,,8/1/2011,1/1/1900
473,a,a,50,0,,9/1/2012,1/1/1900
474,c,a,14810,1,"Mar,Jun,Sept,Dec",9/1/2012,4/3/2011
475,a,a,140,0,,9/1/2005,1/1/1900
476,d,a,8300,0,,9/1/2006,1/1/1900
477,d,a,770,1,"Jan,Apr,Jul,Oct",7/1/2010,8/28/2010
478,d,c,1940,0,,3/1/2012,1/1/1900
479,a,a,320,1,"Feb,May,Aug,Nov",12/1/2005,2/27/2011
480,a,a,300,0,,11/1/2012,1/1/1900
481,c,c,7470,1,"Feb,May,Aug,Nov",9/1/2012,10/29/2012
482,c,a,2550,0,,10/1/2005,1/1/1900
483,a,c,2310,1,"Jan,Apr,Jul,Oct",9/1/2011,3/27/2010
484,a,c,14300,0,,3/1/2011,1/1/1900
485,d,c,3270,1,"Jan,Apr,Jul,Oct",9/1/2012,5/28/2012
486,a,a,2320,1,"Jan,Apr,Jul,Oct",9/1/2012,7/31/2013
487,d,c,2180,1,"Jan,Apr,Jul,Oct",9/1/2012,10/1/2012
488,a,c,2890,0,,4/1/2014,1/1/1900
489,a,a,14960,1,"Jan,Apr,Jul,Oct",11/1/2013,9/11/2009
490,a,a,660,1,"Jan,Apr,Jul,Oct",4/1/2013,10/2/2014
491,d,c,4680,1,"Mar,Jun,Sept,Dec",9/1/2012,5/28/2012
492,a,a,1740,1,"Jan,Apr,Jul,Oct",3/1/2008,10/1/2012
493,d,c,1150,1,"Jan,Apr,Jul,Oct",9/1/2012,4/3/2011
494,b,a,1260,0,,6/1/2011,1/1/1900
495,d,a,5470,1,"Jan,Apr,Jul,Oct",9/1/2012,9/11/2009
496,d,c,2780,0,,6/1/2015,1/1/1900
497,a,c,1610,0,,9/1/2012,1/1/1900
498,a,a,990,1,"Jan,Apr,Jul,Oct",9/1/2012,10/2/2014
499,c,c,450,1,"Feb,May,Aug,Nov",9/1/2012,1/30/2013
500,d,c,10690,1,"Jan,Apr,Jul,Oct",9/1/2007,1/30/2013
501,a,c,1620,0,,9/1/2006,1/1/1900
502,a,a,220,1,"Jan,Apr,Jul,Oct",2/1/2002,9/11/2009
503,d,c,13080,1,"Jan,Apr,Jul,Oct",9/1/2006,4/3/2011
504,c,c,820,0,,9/1/2012,1/1/1900
505,a,a,350,1,"Feb,May,Aug,Nov",9/1/2012,1/30/2013
506,a,a,1850,1,"Feb,May,Aug,Nov",12/1/2014,5/1/2011
507,a,c,9070,1,"Jan,Apr,Jul,Oct",4/1/2011,9/11/2009
508,a,c,1280,1,"Jan,Apr,Jul,Oct",9/1/2012,10/2/2011
509,a,a,4740,1,"Jan,Apr,Jul,Oct",7/1/2008,9/11/2009
510,a,c,8260,0,,9/1/2012,1/1/1900
511,a,a,2060,0,,9/1/2009,1/1/1900
512,b,b,590,1,"Mar,Jun,Sept,Dec",9/1/2012,1/30/2013
513,a,a,400,0,,8/1/2013,1/1/1900
514,c,c,1200,1,"Jan,Apr,Jul,Oct",7/1/2012,7/2/2012
515,d,c,11260,1,"Feb,May,Aug,Nov",9/1/2012,2/27/2011
516,a,c,20,1,"Mar,Jun,Sept,Dec",9/1/2012,8/28/2010
517,a,c,22490,0,,9/1/2012,1/1/1900
518,d,c,3330,1,"Jan,Apr,Jul,Oct",3/1/2015,3/27/2010
519,c,c,2510,1,"Jan,Apr,Jul,Oct",8/1/2009,1/2/2012
520,a,c,6900,1,"Mar,Jun,Sept,Dec",9/1/2012,10/1/2012
521,d,a,18610,1,"Mar,Jun,Sept,Dec",11/1/2002,11/27/2011
522,d,c,7160,1,"Jan,Apr,Jul,Oct",11/1/2012,2/27/2011
523,c,c,50,0,,11/1/2013,1/1/1900
524,a,c,40860,0,,9/1/2013,1/1/1900
525,d,c,1870,0,,9/1/2013,1/1/1900
526,a,a,120,1,"Mar,Jun,Sept,Dec",9/1/2012,11/27/2011
527,d,c,5830,0,,4/1/2008,1/1/1900
528,a,c,20620,1,"Jan,Apr,Jul,Oct",9/1/2012,9/11/2009
529,d,c,12920,0,,9/1/2012,1/1/1900
530,a,c,18160,0,,9/1/2012,1/1/1900
531,a,c,4030,0,,9/1/2012,1/1/1900
532,a,c,1070,0,,8/1/2010,1/1/1900
533,a,c,5950,0,,9/1/2012,1/1/1900
534,d,a,1200,1,"Jan,Apr,Jul,Oct",9/1/2009,11/6/2009
535,a,a,3570,0,,4/1/2007,1/1/1900
536,a,c,4700,1,"Feb,May,Aug,Nov",9/1/2002,7/31/2013
537,a,a,600,1,"Jan,Apr,Jul,Oct",5/1/2002,1/2/2012
538,a,a,990,0,,2/1/2010,1/1/1900
539,a,a,770,1,"Jan,Apr,Jul,Oct",5/1/2013,10/2/2014
540,d,c,810,1,"Jan,Apr,Jul,Oct",9/1/2012,11/26/2012
541,a,c,650,0,,7/1/1990,1/1/1900
542,a,a,7280,1,"Jan,Apr,Jul,Oct",9/1/2012,1/2/2013
543,c,a,1080,0,,12/1/2012,1/1/1900
544,a,a,250,1,"Jan,Apr,Jul,Oct",12/1/2001,3/27/2010
545,a,c,5020,1,"Feb,May,Aug,Nov",5/1/2006,5/1/2014
546,a,a,580,0,,1/1/2005,1/1/1900
547,d,c,8990,1,"Mar,Jun,Sept,Dec",11/1/2009,8/28/2010
548,d,c,3760,0,,2/1/2009,1/1/1900
549,a,c,2330,0,,9/1/2012,1/1/1900
550,d,c,50,0,,6/1/2015,1/1/1900
551,a,c,2190,0,,9/1/2013,1/1/1900
552,a,a,4260,1,"Jan,Apr,Jul,Oct",7/1/2008,9/11/2009
553,c,a,3040,1,"Jan,Apr,Jul,Oct",9/1/2002,3/27/2010
554,c,c,1200,0,,9/1/2012,1/1/1900
555,d,a,1560,1,"Mar,Jun,Sept,Dec",1/1/2014,3/6/2013
556,d,c,1140,0,,11/1/2014,1/1/1900
557,a,a,250,0,,9/1/2012,1/1/1900
558,a,a,3000,0,,2/1/2010,1/1/1900
559,d,a,3910,1,"Feb,May,Aug,Nov",11/1/2006,1/30/2013
560,c,c,1910,0,,7/1/2013,1/1/1900
561,d,a,14300,0,,9/1/2012,1/1/1900
562,b,c,1210,0,,9/1/2012,1/1/1900
563,a,a,700,1,"Jan,Apr,Jul,Oct",3/1/2015,3/6/2014
564,d,c,6540,1,"Jan,Apr,Jul,Oct",9/1/2012,4/3/2013
565,a,c,160,0,,7/1/2007,1/1/1900
566,a,a,3620,1,"Jan,Apr,Jul,Oct",9/1/2012,10/2/2013
567,c,a,1010,1,"Feb,May,Aug,Nov",9/1/2012,5/1/2011
568,d,c,4270,1,"Jan,Apr,Jul,Oct",9/1/2012,1/2/2013
569,a,a,1340,0,,9/1/2006,1/1/1900
570,a,a,180,0,,11/1/2006,1/1/1900
571,d,a,2110,1,"Jan,Apr,Jul,Oct",11/1/1995,10/2/2014
572,d,c,9230,1,"Jan,Apr,Jul,Oct",4/1/2004,9/11/2009
573,a,a,1190,1,"Jan,Apr,Jul,Oct",11/1/2012,9/4/2013
574,d,a,4400,0,,9/1/2012,1/1/1900
575,a,a,960,1,"Jan,Apr,Jul,Oct",5/1/2008,3/27/2010
576,c,a,50,0,,11/1/2006,1/1/1900
577,a,c,2270,1,"Mar,Jun,Sept,Dec",9/1/2012,8/27/2012
578,d,a,12700,0,,4/1/2013,1/1/1900
579,c,a,20970,0,,11/1/2012,1/1/1900
580,a,c,170,0,,2/1/2009,1/1/1900
581,a,a,7250,0,,12/1/2013,1/1/1900
582,a,a,120,0,,9/1/2012,1/1/1900
583,a,a,2640,0,,11/1/2002,1/1/1900
584,d,a,1360,1,"Mar,Jun,Sept,Dec",9/1/2012,8/28/2010
585,d,c,440,0,,4/1/2014,1/1/1900
586,a,c,250,0,,10/1/2008,1/1/1900
587,d,c,330,1,"Jan,Apr,Jul,Oct",9/1/2006,4/3/2011
588,d,c,15720,0,,3/1/2010,1/1/1900
589,a,c,360,1,"Feb,May,Aug,Nov",9/1/2012,5/1/2013
590,d,c,4520,1,"Jan,Apr,Jul,Oct",9/1/2010,7/31/2013
591,a,c,3340,1,"Mar,Jun,Sept,Dec",9/1/2012,5/28/2012
592,a,a,2540,0,,6/1/2005,1/1/1900
593,a,c,33060,0,,3/1/2010,1/1/1900
594,a,a,1790,0,,10/1/2011,1/1/1900
595,c,c,1130,0,,6/1/2015,1/1/1900
596,c,a,290,0,,9/1/2006,1/1/1900
597,a,a,150,1,"Mar,Jun,Sept,Dec",9/1/2008,1/2/2012
598,c,a,550,1,"Jan,Apr,Jul,Oct",12/1/2013,10/2/2014
599,d,c,580,0,,11/1/2014,1/1/1900
600,d,c,17340,1,"Feb,May,Aug,Nov",6/1/2010,2/27/2011
601,d,a,8220,1,"Jan,Apr,Jul,Oct",4/1/2014,4/3/2011
602,a,a,2710,1,"Mar,Jun,Sept,Dec",7/1/2001,5/28/2012
603,a,a,340,1,"Jan,Apr,Jul,Oct",4/1/2007,3/27/2010
604,d,a,10950,0,,3/1/2014,1/1/1900
605,d,a,10310,1,"Jan,Apr,Jul,Oct",4/1/2003,9/11/2009
606,a,a,2260,0,,11/1/2007,1/1/1900
607,a,a,350,1,"Jan,Apr,Jul,Oct",8/1/1999,4/3/2011
608,a,c,18370,1,"Jan,Apr,Jul,Oct",2/1/2013,4/3/2011
609,a,a,2070,0,,9/1/2007,1/1/1900
610,a,a,660,0,,1/1/2007,1/1/1900
611,a,a,8080,1,"Jan,Apr,Jul,Oct",12/1/2002,10/2/2014
612,d,c,2490,1,"Jan,Apr,Jul,Oct",11/1/2012,7/31/2009
613,c,a,250,1,"Jan,Apr,Jul,Oct",6/1/2007,4/3/2011
614,a,a,1160,0,,12/1/2012,1/1/1900
615,d,a,730,0,,8/1/2007,1/1/1900
616,a,c,3040,1,"Mar,Jun,Sept,Dec",8/1/2011,8/28/2010
617,a,c,8940,1,"Jan,Apr,Jul,Oct",9/1/2012,2/27/2011
618,d,c,9910,0,,9/1/2012,1/1/1900
619,a,a,1600,1,"Feb,May,Aug,Nov",6/1/2006,11/6/2009
620,d,c,5440,1,"Jan,Apr,Jul,Oct",9/1/2012,10/2/2014
621,a,a,30,0,,7/1/2002,1/1/1900
622,a,c,5404.901079,0,,9/1/2012,1/1/1900
623,a,a,4080,1,"Jan,Apr,Jul,Oct",3/1/2011,3/27/2010
624,a,c,6920,0,,9/1/2011,1/1/1900
625,a,a,1170,1,"Feb,May,Aug,Nov",4/1/2011,5/28/2012
626,c,c,10740,0,,11/1/2013,1/1/1900
627,c,c,3970,0,,3/1/2010,1/1/1900
628,a,c,2180,0,,9/1/2012,1/1/1900
629,d,a,510,1,"Mar,Jun,Sept,Dec",7/1/2014,6/5/2015
630,a,a,1690,0,,4/1/2015,1/1/1900
631,d,c,2870,1,"Mar,Jun,Sept,Dec",9/1/2012,8/27/2012
632,a,a,3350,0,,2/1/2010,1/1/1900
633,d,a,11640,1,"Jan,Apr,Jul,Oct",4/1/2005,5/29/2011
634,d,a,18610,0,,9/1/2012,1/1/1900
635,a,a,27530,0,,4/1/2014,1/1/1900
636,c,a,720,1,"Jan,Apr,Jul,Oct",10/1/2004,3/27/2010
637,d,c,9790,1,"Feb,May,Aug,Nov",9/1/2012,7/31/2009
638,d,a,10170,0,,11/1/2001,1/1/1900
639,a,a,7780,0,,11/1/2006,1/1/1900
640,d,c,8040,0,,9/1/2012,1/1/1900
641,a,c,610,1,"Mar,Jun,Sept,Dec",12/1/2003,9/4/2013
642,c,c,530,1,"Mar,Jun,Sept,Dec",4/1/2005,8/28/2010
643,a,a,230,1,"Feb,May,Aug,Nov",6/1/2010,5/1/2010
644,c,a,4030,1,"Jan,Apr,Jul,Oct",12/1/2004,4/3/2011
645,a,a,90,1,"Feb,May,Aug,Nov",9/1/2012,11/6/2009
646,a,a,620,0,,9/1/2014,1/1/1900
647,a,c,7420,0,,4/1/2013,1/1/1900
648,d,a,2130,0,,12/1/2008,1/1/1900
649,a,a,14570,0,,11/1/2002,1/1/1900
650,a,a,1420,1,"Jan,Apr,Jul,Oct",10/1/2012,10/2/2014
651,a,a,200,0,,9/1/2012,1/1/1900
652,a,a,20390,0,,9/1/2012,1/1/1900
653,d,c,7520,1,"Feb,May,Aug,Nov",7/1/2014,11/6/2009
654,c,a,6930,0,,9/1/2006,1/1/1900
655,d,c,960,1,"Feb,May,Aug,Nov",11/1/2012,1/30/2013
656,d,a,410,1,"Jan,Apr,Jul,Oct",4/1/2009,3/27/2010
657,c,c,80,1,"Jan,Apr,Jul,Oct",1/1/2006,3/6/2014
658,d,c,520,1,"Jan,Apr,Jul,Oct",9/1/2012,9/11/2009
659,d,a,1590,0,,3/1/2012,1/1/1900
660,a,a,1200,1,"Jan,Apr,Jul,Oct",11/1/2006,10/2/2014
661,d,c,2140,0,,7/1/2013,1/1/1900
662,d,a,1070,0,,9/1/2012,1/1/1900
663,a,c,7860,0,,5/1/2005,1/1/1900
664,d,c,1680,0,,10/1/2005,1/1/1900
665,a,a,90,1,"Jan,Apr,Jul,Oct",12/1/2012,4/3/2011
666,c,c,2700,1,"Mar,Jun,Sept,Dec",9/1/2012,2/27/2011
667,d,c,2870,0,,9/1/2012,1/1/1900
668,c,a,1270,0,,9/1/2010,1/1/1900
669,d,a,17080,1,"Jan,Apr,Jul,Oct",7/1/2012,7/31/2013
670,a,a,2060,1,"Feb,May,Aug,Nov",9/1/2012,11/6/2009
671,a,c,2070,1,"Jan,Apr,Jul,Oct",2/1/2008,9/25/2010
672,c,a,240,0,,9/1/2002,1/1/1900
673,d,c,15170,1,"Feb,May,Aug,Nov",9/1/2012,1/30/2013
674,a,a,2640,1,"Feb,May,Aug,Nov",12/1/2005,7/31/2013
675,a,a,2100,1,"Jan,Apr,Jul,Oct",8/1/2013,4/3/2011
676,b,b,1410,0,,9/1/2008,1/1/1900
677,d,a,1740,1,"Feb,May,Aug,Nov",6/1/2014,11/6/2009
678,c,a,3250,1,"Jan,Apr,Jul,Oct",9/1/2012,10/2/2011
679,a,a,4140,0,,9/1/2012,1/1/1900
680,c,a,170,1,"Mar,Jun,Sept,Dec",9/1/2012,8/27/2012
681,a,c,620,1,"Mar,Jun,Sept,Dec",9/1/2012,1/2/2014
682,b,a,150,0,,9/1/2006,1/1/1900
683,a,a,2850,0,,7/1/2014,1/1/1900
684,d,c,680,1,"Jan,Apr,Jul,Oct",9/1/2012,5/28/2012
685,a,a,650,1,"Jan,Apr,Jul,Oct",11/1/2013,9/11/2009
686,a,a,20050,0,,4/1/2002,1/1/1900
687,d,c,2770,0,,9/1/2012,1/1/1900
688,a,a,18760,1,"Jan,Apr,Jul,Oct",8/1/2015,4/3/2011
689,d,a,15040,0,,10/1/2004,1/1/1900
690,a,a,100,0,,9/1/2012,1/1/1900
691,d,c,3030,1,"Jan,Apr,Jul,Oct",9/1/2012,9/11/2009
692,a,a,40,0,,8/1/2001,1/1/1900
693,d,a,450,1,"Jan,Apr,Jul,Oct",9/1/2012,10/2/2011
694,a,c,460,1,"Jan,Apr,Jul,Oct",11/1/2012,10/2/2014
695,a,a,550,1,"Jan,Apr,Jul,Oct",7/1/2011,1/2/2012
696,a,c,430,0,,9/1/2012,1/1/1900
697,d,a,3780,1,"Jan,Apr,Jul,Oct",9/1/2012,10/2/2011
698,a,a,1790,0,,5/1/2011,1/1/1900
699,a,a,180,1,"Jan,Apr,Jul,Oct",9/1/2012,1/30/2013
700,a,c,830,1,"Jan,Apr,Jul,Oct",9/1/2012,7/3/2013
701,d,a,1450,1,"Jan,Apr,Jul,Oct",3/1/2012,4/3/2011
702,a,a,8550,1,"Feb,May,Aug,Nov",9/1/2001,11/6/2009
703,a,a,80,0,,6/1/2005,1/1/1900
704,d,c,1910,0,,4/1/2009,1/1/1900
705,a,a,4140,1,"Feb,May,Aug,Nov",9/1/2012,5/1/2011
706,d,a,7830,1,"Mar,Jun,Sept,Dec",9/1/2014,3/6/2014
707,a,c,2900,0,,7/1/1990,1/1/1900
708,c,c,11470,1,"Jan,Apr,Jul,Oct",10/1/2009,5/1/2014
709,a,a,500,0,,12/1/2010,1/1/1900
710,d,a,1500,1,"Jan,Apr,Jul,Oct",9/1/2008,4/3/2011
711,d,a,17110,1,"Jan,Apr,Jul,Oct",3/1/2007,1/30/2010
712,a,a,4870,1,"Jan,Apr,Jul,Oct",9/1/2007,11/6/2009
713,a,c,220,1,"Jan,Apr,Jul,Oct",9/1/2012,3/6/2014
714,d,c,12070,1,"Jan,Apr,Jul,Oct",10/1/2005,3/6/2013
715,a,a,14810,0,,6/1/2014,1/1/1900
716,d,a,3200,1,"Jan,Apr,Jul,Oct",1/1/2008,5/29/2011
717,d,c,310,1,"Jan,Apr,Jul,Oct",9/1/2012,10/2/2011
718,a,a,1100,0,,6/1/2015,1/1/1900
719,c,c,8190,1,"Feb,May,Aug,Nov",9/1/2012,11/6/2009
720,a,c,15320,1,"Feb,May,Aug,Nov",3/1/2011,4/3/2013
721,a,c,3590,1,"Mar,Jun,Sept,Dec",9/1/2012,5/28/2012
722,a,a,50,0,,9/1/2012,1/1/1900
723,d,c,5650,1,"Feb,May,Aug,Nov",9/1/2008,1/30/2013
724,d,c,5900,0,,9/1/2012,1/1/1900
725,d,c,17540,0,,6/1/2012,1/1/1900
726,a,c,40540,0,,2/1/2002,1/1/1900
727,a,a,2050,0,,3/1/2007,1/1/1900
728,d,a,13990,1,"Jan,Apr,Jul,Oct",9/1/2012,4/3/2011
729,c,c,8980,0,,6/1/2011,1/1/1900
730,c,a,1190,0,,9/1/2013,1/1/1900
731,a,a,15270,1,"Jan,Apr,Jul,Oct",9/1/2012,3/6/2014
732,a,c,35280,0,,9/1/2012,1/1/1900
733,b,b,860,0,,10/1/1999,1/1/1900
734,a,a,220,1,"Mar,Jun,Sept,Dec",9/1/2012,9/4/2013
735,d,c,1920,0,,4/1/2005,1/1/1900
736,c,c,1650,1,"Jan,Apr,Jul,Oct",9/1/2012,4/3/2011
737,a,a,100,1,"Jan,Apr,Jul,Oct",5/1/2007,7/31/2013
738,d,c,5980,0,,10/1/2005,1/1/1900
739,d,c,2770,1,"Jan,Apr,Jul,Oct",6/1/2008,5/29/2011
740,d,a,6400,0,,3/1/2014,1/1/1900
741,d,c,11900,0,,9/1/2012,1/1/1900
742,d,c,4380,0,,9/1/2012,1/1/1900
743,a,a,6710,1,"Jan,Apr,Jul,Oct",11/1/2003,4/2/2012
744,a,a,1370,1,"Jan,Apr,Jul,Oct",12/1/2011,10/2/2014
745,a,a,17650,1,"Jan,Apr,Jul,Oct",11/1/2013,9/11/2009
746,d,c,4330,1,"Mar,Jun,Sept,Dec",2/1/2011,8/28/2011
747,c,c,45740,0,,8/1/2008,1/1/1900
748,d,a,2380,1,"Jan,Apr,Jul,Oct",3/1/2010,4/3/2011
749,a,a,3410,1,"Jan,Apr,Jul,Oct",8/1/2011,4/3/2015
750,d,a,8670,1,"Jan,Apr,Jul,Oct",2/1/2002,4/3/2011
751,a,a,650,0,,10/1/2006,1/1/1900
752,a,a,970,1,"Feb,May,Aug,Nov",3/1/2013,7/31/2013
753,d,c,540,1,"Mar,Jun,Sept,Dec",11/1/2012,8/28/2010
754,c,c,380,1,"Mar,Jun,Sept,Dec",5/1/2008,3/6/2014
755,d,c,13130,0,,12/1/2003,1/1/1900
756,a,c,50,1,"Jan,Apr,Jul,Oct",9/1/2012,10/2/2011
757,a,c,3450,0,,9/1/2012,1/1/1900
758,a,c,19780,0,,6/1/2008,1/1/1900
759,a,a,110,1,"Feb,May,Aug,Nov",11/1/2012,7/31/2013
760,a,a,560,0,,1/1/2011,1/1/1900
761,a,a,2390,0,,9/1/2012,1/1/1900
762,d,c,1280,1,"Mar,Jun,Sept,Dec",9/1/2012,3/6/2013
763,d,c,32240,0,,3/1/2010,1/1/1900
764,a,c,26490,1,"Mar,Jun,Sept,Dec",9/1/2012,3/6/2014
765,a,c,25430,1,"Jan,Apr,Jul,Oct",5/1/1999,9/11/2009
766,d,c,9820,0,,9/1/2012,1/1/1900
767,a,c,13080,0,,9/1/2012,1/1/1900
768,a,c,2630,0,,9/1/2012,1/1/1900
769,b,b,840,1,"Jan,Apr,Jul,Oct",9/1/2012,11/26/2012
770,a,c,100,0,,4/1/2015,1/1/1900
771,a,a,20640,0,,9/1/2007,1/1/1900
772,d,c,1850,0,,9/1/2012,1/1/1900
773,a,a,200,0,,9/1/2012,1/1/1900
774,a,c,640,0,,9/1/2013,1/1/1900
775,d,c,6970,1,"Jan,Apr,Jul,Oct",12/1/2005,5/29/2011
776,c,a,700,1,"Jan,Apr,Jul,Oct",4/1/2009,4/3/2011
777,d,c,8250,1,"Mar,Jun,Sept,Dec",10/1/2004,3/6/2013
778,a,a,340,1,"Jan,Apr,Jul,Oct",6/1/2003,10/2/2014
779,a,a,16990,0,,4/1/2004,1/1/1900
780,a,a,18160,0,,9/1/2012,1/1/1900
781,a,a,630,0,,4/1/2007,1/1/1900
782,c,c,5390,1,"Jan,Apr,Jul,Oct",8/1/2003,1/2/2012
783,d,c,15490,0,,9/1/2012,1/1/1900
784,a,a,560,1,"Jan,Apr,Jul,Oct",10/1/2014,3/6/2014
785,d,c,970,1,"Feb,May,Aug,Nov",7/1/2005,7/31/2013
786,a,a,290,1,"Feb,May,Aug,Nov",11/1/2006,1/30/2013
787,c,c,3210,0,,6/1/2009,1/1/1900
788,a,c,1530,0,,3/1/2013,1/1/1900
789,a,c,9770,0,,7/1/2003,1/1/1900
790,d,c,9070,0,,12/1/2003,1/1/1900
791,a,a,5950,0,,4/1/2007,1/1/1900
792,d,a,17280,1,"Feb,May,Aug,Nov",10/1/2009,5/1/2011
793,d,a,2710,0,,7/1/2006,1/1/1900
794,c,c,5090,0,,9/1/2006,1/1/1900
795,d,a,510,1,"Mar,Jun,Sept,Dec",9/1/2012,8/28/2010
796,a,c,7180,0,,11/1/2012,1/1/1900
797,a,a,2090,1,"Jan,Apr,Jul,Oct",10/1/2012,10/2/2014
798,a,a,9560,0,,4/1/2001,1/1/1900
799,a,c,2700,0,,9/1/2012,1/1/1900
800,d,a,2020,0,,7/1/2014,1/1/1900
801,d,a,48330,0,,4/1/2013,1/1/1900
802,a,c,910,1,"Feb,May,Aug,Nov",9/1/2012,5/29/2011
803,d,a,1760,1,"Mar,Jun,Sept,Dec",9/1/2012,3/6/2014
804,c,c,2100,1,"Jan,Apr,Jul,Oct",9/1/2012,1/2/2013
805,d,a,24770,1,"Mar,Jun,Sept,Dec",10/1/2011,3/6/2014
806,d,a,260,1,"Feb,May,Aug,Nov",9/1/2012,10/30/2010
807,a,a,3870,0,,4/1/2008,1/1/1900
808,a,a,18620,1,"Feb,May,Aug,Nov",9/1/2012,7/31/2009
809,a,a,12770,0,,10/1/2000,1/1/1900
810,d,c,9640,0,,11/1/2013,1/1/1900
811,a,a,410,0,,9/1/2012,1/1/1900
812,d,a,2590,0,,9/1/2012,1/1/1900
813,a,a,1560,0,,9/1/2003,1/1/1900
814,d,c,24530,0,,7/1/2013,1/1/1900
815,a,a,590,1,"Jan,Apr,Jul,Oct",1/1/1900,10/2/2014
816,c,c,460,0,,9/1/2012,1/1/1900
817,a,a,140,0,,3/1/2006,1/1/1900
818,d,a,490,1,"Mar,Jun,Sept,Dec",9/1/2012,8/28/2010
819,a,c,720,0,,10/1/2014,1/1/1900
820,a,c,1650,1,"Jan,Apr,Jul,Oct",9/1/2012,10/2/2014
821,a,a,1700,0,,9/1/2009,1/1/1900
822,a,c,410,1,"Mar,Jun,Sept,Dec",11/1/2010,11/27/2010
823,a,c,16210,0,,11/1/2010,1/1/1900
824,a,a,17570,0,,9/1/2012,1/1/1900
825,a,a,380,1,"Jan,Apr,Jul,Oct",5/1/2011,10/2/2014
826,a,c,7980,0,,6/1/2005,1/1/1900
827,a,c,250,0,,1/1/2005,1/1/1900
828,d,c,3290,0,,12/1/2014,1/1/1900
829,c,a,110,0,,9/1/2012,1/1/1900
830,a,c,6320,1,"Jan,Apr,Jul,Oct",9/1/2012,1/30/2011
831,a,a,800,0,,6/1/2007,1/1/1900
832,d,a,5070,1,"Feb,May,Aug,Nov",9/1/2012,11/6/2009
833,d,c,3290,1,"Mar,Jun,Sept,Dec",12/1/1999,8/28/2010
834,a,a,3470,0,,3/1/2012,1/1/1900
835,a,a,2890,1,"Mar,Jun,Sept,Dec",12/1/2007,3/6/2014
836,a,a,2720,0,,9/1/2012,1/1/1900
837,a,c,14600,0,,4/1/2015,1/1/1900
838,d,c,6890,1,"Mar,Jun,Sept,Dec",9/1/2012,11/27/2011
839,c,a,240,0,,1/1/2015,1/1/1900
840,a,a,1070,0,,9/1/2009,1/1/1900
841,a,a,27650,0,,8/1/2004,1/1/1900
842,d,c,1200,0,,11/1/2007,1/1/1900
843,c,a,60,0,,4/1/2006,1/1/1900
844,a,a,2030,1,"Feb,May,Aug,Nov",9/1/2012,5/1/2011
845,d,a,7860,1,"Jan,Apr,Jul,Oct",11/1/2005,4/3/2011
846,a,c,8860,1,"Jan,Apr,Jul,Oct",4/1/2004,9/11/2009
847,c,c,190,1,"Feb,May,Aug,Nov",9/1/2012,7/31/2013
848,a,c,370,1,"Jan,Apr,Jul,Oct",7/1/2007,4/3/2011
849,c,c,5000,0,,9/1/2012,1/1/1900
850,d,a,1120,1,"Jan,Apr,Jul,Oct",5/1/2007,7/31/2013
851,d,c,2330,1,"Mar,Jun,Sept,Dec",9/1/2012,12/4/2014
852,c,a,940,1,"Jan,Apr,Jul,Oct",4/1/2004,4/3/2011
853,a,a,14040,0,,9/1/2012,1/1/1900
854,c,a,4770,1,"Jan,Apr,Jul,Oct",9/1/2012,3/27/2010
855,a,a,3440,1,"Feb,May,Aug,Nov",9/1/2012,11/6/2009
856,a,a,3020,0,,2/1/2010,1/1/1900
857,c,a,6270,1,"Mar,Jun,Sept,Dec",8/1/2005,6/5/2014
858,a,a,3370,1,"Jan,Apr,Jul,Oct",12/1/2008,10/2/2014
859,c,a,21770,0,,7/1/2015,1/1/1900
860,c,c,5980,0,,2/1/2010,1/1/1900
861,c,c,740,1,"Mar,Jun,Sept,Dec",9/1/2012,4/3/2013
862,a,c,2840,1,"Jan,Apr,Jul,Oct",3/1/2010,4/3/2011
863,a,c,21370,0,,11/1/2010,1/1/1900
864,a,a,1020,1,"Feb,May,Aug,Nov",10/1/2012,11/6/2009
865,d,c,2640,0,,9/1/2012,1/1/1900
866,d,a,9680,1,"Feb,May,Aug,Nov",9/1/2012,1/30/2013
867,d,c,21810,0,,9/1/2012,1/1/1900
868,d,c,1360,1,"Jan,Apr,Jul,Oct",8/1/2005,3/6/2014
869,c,a,230,1,"Jan,Apr,Jul,Oct",10/1/2001,4/3/2011
870,a,a,780,0,,4/1/2009,1/1/1900
871,d,c,10620,0,,9/1/2012,1/1/1900
872,a,c,3860,1,"Mar,Jun,Sept,Dec",9/1/2014,6/5/2015
873,a,a,2040,0,,11/1/2008,1/1/1900
874,a,a,3210,0,,9/1/2012,1/1/1900
875,d,a,5070,1,"Feb,May,Aug,Nov",11/1/2007,5/1/2015
876,a,a,21790,1,"Feb,May,Aug,Nov",4/1/2005,5/1/2015
877,a,c,29190,0,,9/1/2012,1/1/1900
878,d,c,1100,0,,12/1/2014,1/1/1900
879,d,a,5404.901079,1,"Feb,May,Aug,Nov",9/1/2012,1/30/2013
880,a,c,4570,0,,9/1/2012,1/1/1900
881,a,a,180,1,"Feb,May,Aug,Nov",3/1/2008,7/31/2013
882,a,a,30,0,,4/1/2013,1/1/1900
883,a,a,3200,0,,6/1/2005,1/1/1900
884,d,c,7550,0,,9/1/2012,1/1/1900
885,a,a,480,0,,12/1/2005,1/1/1900
886,a,c,12430,0,,10/1/2004,1/1/1900
887,d,a,19700,1,"Jan,Apr,Jul,Oct",9/1/2012,9/11/2009
888,d,a,4450,1,"Mar,Jun,Sept,Dec",6/1/2012,8/27/2012
889,d,a,18670,0,,12/1/2005,1/1/1900
890,a,a,4450,1,"Jan,Apr,Jul,Oct",9/1/2012,4/3/2011
891,a,c,350,1,"Feb,May,Aug,Nov",9/1/2012,7/31/2013
892,a,a,19370,0,,4/1/2002,1/1/1900
893,a,a,130,1,"Jan,Apr,Jul,Oct",9/1/2012,1/2/2013
894,a,a,190,0,,11/1/2012,1/1/1900
895,a,c,4150,0,,9/1/2012,1/1/1900
896,a,c,170,0,,9/1/2012,1/1/1900
897,c,c,3290,1,"Feb,May,Aug,Nov",1/1/2007,1/30/2013
898,a,a,18540,0,,9/1/2012,1/1/1900
899,d,a,2590,1,"Jan,Apr,Jul,Oct",9/1/2012,3/27/2010
900,a,a,3920,1,"Jan,Apr,Jul,Oct",4/1/2005,10/2/2014
901,a,c,3170,0,,4/1/2014,1/1/1900
902,a,a,310,1,"Jan,Apr,Jul,Oct",5/1/2015,10/2/2014
903,d,c,7290,0,,9/1/2014,1/1/1900
904,d,c,570,1,"Jan,Apr,Jul,Oct",7/1/2013,4/3/2011
905,a,a,90,0,,6/1/2014,1/1/1900
906,a,a,90,0,,7/1/2010,1/1/1900
907,a,c,250,0,,9/1/2012,1/1/1900
908,a,a,1980,1,"Jan,Apr,Jul,Oct",7/1/2010,9/11/2009
909,a,c,1680,1,"Feb,May,Aug,Nov",9/1/2012,11/6/2009
910,d,c,12480,1,"Jan,Apr,Jul,Oct",9/1/2012,1/2/2013
911,a,c,16490,0,,9/1/2012,1/1/1900
912,c,c,3100,0,,5/1/2010,1/1/1900
913,a,a,280,0,,9/1/2012,1/1/1900
914,c,c,2640,1,"Mar,Jun,Sept,Dec",4/1/2011,5/28/2012
915,d,c,650,1,"Jan,Apr,Jul,Oct",3/1/2013,10/2/2014
916,a,a,90,0,,11/1/2012,1/1/1900
917,a,a,7240,0,,2/1/2010,1/1/1900
918,a,c,18710,0,,4/1/2015,1/1/1900
919,a,a,2620,1,"Feb,May,Aug,Nov",9/1/2012,11/6/2009
920,a,a,850,1,"Jan,Apr,Jul,Oct",2/1/2012,10/2/2014
921,a,a,840,0,,9/1/2006,1/1/1900
922,d,a,2110,0,,3/1/2006,1/1/1900
923,a,a,280,0,,9/1/2008,1/1/1900
924,a,a,6420,1,"Jan,Apr,Jul,Oct",4/1/2011,1/2/2012
925,c,a,470,1,"Jan,Apr,Jul,Oct",3/1/2007,1/2/2012
926,d,c,5150,1,"Jan,Apr,Jul,Oct",3/1/2011,3/27/2010
927,a,a,480,0,,9/1/2012,1/1/1900
928,d,c,1090,1,"Feb,May,Aug,Nov",9/1/2012,7/31/2013
929,a,c,4820,0,,9/1/2013,1/1/1900
930,a,a,70,0,,9/1/2012,1/1/1900
931,a,c,1480,1,"Jan,Apr,Jul,Oct",9/1/2011,1/2/2012
932,a,a,15700,1,"Jan,Apr,Jul,Oct",9/1/2012,3/27/2010
933,a,c,6270,0,,2/1/2005,1/1/1900
934,a,c,5460,1,"Jan,Apr,Jul,Oct",9/1/2012,4/3/2011
935,a,c,22350,0,,6/1/2010,1/1/1900
936,a,a,580,0,,2/1/2008,1/1/1900
937,d,a,2810,1,"Jan,Apr,Jul,Oct",9/1/2012,3/6/2014
938,a,a,2820,0,,9/1/2009,1/1/1900
939,d,a,1340,0,,9/1/2012,1/1/1900
940,d,c,6470,0,,9/1/2012,1/1/1900
941,a,a,1200,1,"Jan,Apr,Jul,Oct",12/1/2011,7/31/2013
942,d,c,6860,1,"Jan,Apr,Jul,Oct",9/1/2012,5/1/2011
943,d,c,18020,0,,9/1/2012,1/1/1900
944,c,a,1670,0,,7/1/2015,1/1/1900
945,a,c,12480,0,,3/1/2011,1/1/1900
946,a,a,2220,1,"Jan,Apr,Jul,Oct",12/1/2011,4/3/2015
947,a,a,460,1,"Jan,Apr,Jul,Oct",3/1/2014,3/27/2010
948,b,b,1430,0,,9/1/2012,1/1/1900
949,a,a,870,0,,3/1/2006,1/1/1900
950,a,a,8460,0,,11/1/1994,1/1/1900
951,d,c,710,1,"Jan,Apr,Jul,Oct",9/1/2012,10/2/2011
952,d,c,6300,0,,10/1/2013,1/1/1900
953,a,a,19830,1,"Mar,Jun,Sept,Dec",4/1/2006,5/29/2011
954,a,a,390,1,"Jan,Apr,Jul,Oct",2/1/2013,3/6/2014
955,d,c,1690,1,"Mar,Jun,Sept,Dec",7/1/2009,9/4/2013
956,a,a,2330,1,"Feb,May,Aug,Nov",10/1/2014,5/1/2011
957,d,c,1420,0,,11/1/2012,1/1/1900
958,a,a,440,0,,11/1/2013,1/1/1900
959,a,c,1060,0,,12/1/2005,1/1/1900
960,d,a,8990,1,"Feb,May,Aug,Nov",9/1/2012,7/31/2009
961,d,c,9430,0,,9/1/2012,1/1/1900
962,c,a,260,0,,9/1/2012,1/1/1900
963,a,c,23620,0,,11/1/2013,1/1/1900
964,a,a,270,1,"Feb,May,Aug,Nov",9/1/2012,1/30/2013
965,a,c,110,0,,9/1/2012,1/1/1900
966,a,a,760,0,,2/1/2008,1/1/1900
967,a,c,3560,1,"Jan,Apr,Jul,Oct",9/1/2013,9/4/2013
968,c,a,1190,0,,9/1/2012,1/1/1900
969,a,c,600,1,"Jan,Apr,Jul,Oct",11/1/1999,3/6/2013
970,a,a,910,1,"Jan,Apr,Jul,Oct",12/1/2014,9/11/2009
971,c,a,1140,1,"Mar,Jun,Sept,Dec",5/1/2011,4/2/2012
972,a,a,14960,0,,9/1/2012,1/1/1900
973,d,c,330,1,"Jan,Apr,Jul,Oct",9/1/2012,7/9/2012
974,a,a,150,1,"Jan,Apr,Jul,Oct",3/1/2011,10/2/2014
975,a,c,9630,1,"Jan,Apr,Jul,Oct",9/1/2012,4/3/2011
976,a,a,4180,0,,9/1/2012,1/1/1900
977,a,a,520,1,"Jan,Apr,Jul,Oct",9/1/2005,3/27/2010
978,c,c,3890,0,,9/1/2012,1/1/1900
979,a,c,2270,1,"Jan,Apr,Jul,Oct",11/1/2005,4/3/2011
980,a,a,4420,0,,9/1/2005,1/1/1900
981,d,c,2620,0,,11/1/2002,1/1/1900
982,d,a,21930,0,,9/1/2012,1/1/1900
983,a,a,40,1,"Jan,Apr,Jul,Oct",3/1/2014,1/2/2014
984,c,a,440,1,"Jan,Apr,Jul,Oct",9/1/2012,1/2/2013
985,c,c,490,1,"Jan,Apr,Jul,Oct",5/1/2007,3/27/2010
986,a,a,620,1,"Feb,May,Aug,Nov",10/1/2014,5/1/2014
987,c,a,1690,0,,6/1/2007,1/1/1900
988,a,a,30,0,,11/1/2012,1/1/1900
989,a,a,1640,1,"Jan,Apr,Jul,Oct",6/1/2006,10/2/2011
990,d,a,20930,0,,9/1/2012,1/1/1900
991,a,a,1010,0,,9/1/2012,1/1/1900
992,a,a,2480,0,,7/1/1990,1/1/1900
993,d,c,3460,1,"Jan,Apr,Jul,Oct",10/1/2013,3/6/2014
994,a,a,2290,1,"Jan,Apr,Jul,Oct",7/1/2011,1/2/2012
995,d,a,6560,0,,12/1/2013,1/1/1900
996,c,a,2870,1,"Jan,Apr,Jul,Oct",7/1/2015,3/27/2010
997,d,c,5840,1,"Jan,Apr,Jul,Oct",7/1/2010,9/11/2009
998,a,a,780,1,"Feb,May,Aug,Nov",9/1/2005,1/30/2013
999,d,c,15140,1,"Jan,Apr,Jul,Oct",2/1/2002,9/11/2009
1000,a,c,2230,1,"Jan,Apr,Jul,Oct",5/1/2009,10/2/2014
1001,c,a,19640,1,"Jan,Apr,Jul,Oct",9/1/2012,4/3/2011
1002,d,c,1130,0,,11/1/2008,1/1/1900
1003,a,a,170,1,"Jan,Apr,Jul,Oct",7/1/2013,7/3/2013
1004,d,c,970,1,"Mar,Jun,Sept,Dec",9/1/2012,2/27/2011
1005,a,a,6480,0,,9/1/2012,1/1/1900
1006,c,c,3890,1,"Feb,May,Aug,Nov",11/1/2006,1/30/2013
1007,c,c,4180,0,,9/1/2012,1/1/1900
1008,a,c,30,0,,9/1/2010,1/1/1900
1009,a,a,230,1,"Jan,Apr,Jul,Oct",7/1/2004,3/6/2014
1010,d,c,4610,1,"Feb,May,Aug,Nov",6/1/2010,5/1/2010
1011,a,c,490,1,"Feb,May,Aug,Nov",9/1/2012,5/1/2011
1012,d,c,6330,1,"Jan,Apr,Jul,Oct",6/1/2004,9/25/2010
1013,a,a,630,1,"Feb,May,Aug,Nov",2/1/2015,7/31/2013
1014,a,c,210,1,"Jan,Apr,Jul,Oct",9/1/2012,7/31/2013
1015,d,c,9910,1,"Mar,Jun,Sept,Dec",12/1/2010,2/27/2011
1016,c,c,550,1,"Mar,Jun,Sept,Dec",9/1/2012,8/28/2010
1017,c,a,110,0,,11/1/2008,1/1/1900
1018,c,c,140,0,,9/1/2012,1/1/1900
1019,d,c,2740,1,"Jan,Apr,Jul,Oct",7/1/2014,3/27/2010
1020,a,a,40,0,,8/1/2015,1/1/1900
1021,a,a,1080,0,,5/1/2011,1/1/1900
1022,a,c,1520,0,,9/1/2012,1/1/1900
1023,c,a,3740,1,"Jan,Apr,Jul,Oct",2/1/2002,4/3/2011
1024,c,c,1990,0,,1/1/2012,1/1/1900
1025,a,a,720,0,,11/1/2009,1/1/1900
1026,c,a,450,1,"Mar,Jun,Sept,Dec",6/1/2011,11/26/2012
1027,a,c,190,1,"Jan,Apr,Jul,Oct",6/1/2008,10/2/2011
1028,a,a,150,1,"Jan,Apr,Jul,Oct",9/1/2012,7/31/2013
1029,a,a,1590,0,,3/1/2006,1/1/1900
1030,a,a,36410,0,,4/1/2008,1/1/1900
1031,d,a,590,0,,5/1/2001,1/1/1900
1032,d,c,270,1,"Jan,Apr,Jul,Oct",2/1/2013,10/1/2012
1033,a,a,7680,0,,3/1/2006,1/1/1900
1034,a,a,13750,0,,4/1/2015,1/1/1900
1035,a,a,27150,0,,9/1/2012,1/1/1900
1036,d,c,9560,1,"Jan,Apr,Jul,Oct",9/1/2012,9/4/2013
1037,a,c,150,0,,9/1/2012,1/1/1900
1038,d,a,17290,0,,10/1/2013,1/1/1900
1039,a,c,70,1,"Mar,Jun,Sept,Dec",6/1/1990,5/28/2012
1040,a,a,4030,1,"Jan,Apr,Jul,Oct",2/1/2013,3/6/2014
1041,c,a,1600,1,"Jan,Apr,Jul,Oct",8/1/2013,10/2/2014
1042,a,a,3440,1,"Feb,May,Aug,Nov",9/1/2012,7/31/2013
1043,c,a,420,0,,3/1/2006,1/1/1900
1044,c,a,240,1,"Jan,Apr,Jul,Oct",4/1/2015,3/27/2010
1045,a,c,26990,0,,12/1/2013,1/1/1900
1046,d,c,29070,0,,4/1/2005,1/1/1900
1047,a,a,3750,1,"Feb,May,Aug,Nov",9/1/2012,11/6/2009
1048,d,c,1860,1,"Jan,Apr,Jul,Oct",9/1/2012,10/1/2012
1049,a,a,370,1,"Jan,Apr,Jul,Oct",7/1/2012,4/3/2011
1050,d,c,13170,1,"Mar,Jun,Sept,Dec",8/1/2014,2/27/2011
1051,c,a,200,1,"Jan,Apr,Jul,Oct",7/1/1998,1/2/2012
1052,a,c,5080,1,"Feb,May,Aug,Nov",9/1/2012,7/31/2013
1053,a,a,1710,0,,7/1/2015,1/1/1900
1054,a,c,13190,1,"Feb,May,Aug,Nov",9/1/2012,11/6/2013
1055,c,a,1980,0,,4/1/2009,1/1/1900
1056,d,c,5350,1,"Jan,Apr,Jul,Oct",9/1/2012,10/1/2012
1057,d,c,3230,0,,11/1/2011,1/1/1900
1058,a,c,180,1,"Mar,Jun,Sept,Dec",9/1/2012,8/28/2010
1059,c,a,3380,0,,4/1/2013,1/1/1900
1060,a,c,3430,1,"Feb,May,Aug,Nov",9/1/2012,7/31/2013
1061,d,c,8110,0,,9/1/2012,1/1/1900
1062,d,a,190,1,"Feb,May,Aug,Nov",9/1/2012,10/1/2012
1063,a,c,6250,0,,9/1/2012,1/1/1900
1064,a,c,420,0,,9/1/2012,1/1/1900
1065,a,a,1290,1,"Mar,Jun,Sept,Dec",9/1/2012,8/28/2011
1066,a,a,3350,0,,9/1/2012,1/1/1900
1067,d,c,12020,0,,7/1/2009,1/1/1900
1068,d,c,5010,1,"Jan,Apr,Jul,Oct",9/1/2012,1/30/2013
1069,a,c,18050,1,"Jan,Apr,Jul,Oct",9/1/2012,4/3/2011
1070,c,c,400,0,,10/1/2008,1/1/1900
1071,a,a,820,1,"Mar,Jun,Sept,Dec",3/1/2012,8/27/2012
1072,a,c,5380,1,"Feb,May,Aug,Nov",8/1/2015,1/30/2010
1073,a,c,1710,1,"Jan,Apr,Jul,Oct",9/1/2012,10/29/2012
1074,c,c,3330,1,"Jan,Apr,Jul,Oct",10/1/2001,4/3/2011
1075,a,c,1410,0,,10/1/2013,1/1/1900
1076,a,c,90,1,"Jan,Apr,Jul,Oct",9/1/2012,1/2/2013
1077,a,a,3750,1,"Mar,Jun,Sept,Dec",11/1/2001,8/28/2010
1078,d,c,670,1,"Jan,Apr,Jul,Oct",9/1/2012,10/2/2011
1079,a,a,16680,1,"Jan,Apr,Jul,Oct",9/1/2012,9/11/2009
1080,a,a,2410,1,"Jan,Apr,Jul,Oct",9/1/2012,10/2/2014
1081,b,a,400,0,,3/1/2006,1/1/1900
1082,c,a,440,0,,4/1/2002,1/1/1900
1083,d,c,11540,1,"Feb,May,Aug,Nov",9/1/2012,1/30/2013
1084,a,a,190,1,"Jan,Apr,Jul,Oct",9/1/2012,3/27/2010
1085,c,a,4030,0,,2/1/2015,1/1/1900
1086,a,a,180,1,"Feb,May,Aug,Nov",11/1/2013,5/1/2011
1087,d,c,2210,0,,11/1/2011,1/1/1900
1088,a,a,4300,1,"Jan,Apr,Jul,Oct",3/1/2009,7/3/2013
1089,d,a,5220,0,,5/1/2009,1/1/1900
1090,a,a,330,1,"Jan,Apr,Jul,Oct",9/1/2012,4/3/2011
1091,a,c,9990,0,,9/1/2012,1/1/1900
1092,a,a,300,1,"Jan,Apr,Jul,Oct",7/1/2000,10/2/2014
1093,c,c,10450,0,,6/1/2009,1/1/1900
1094,d,a,2380,1,"Jan,Apr,Jul,Oct",3/1/2013,10/2/2014
1095,a,a,690,1,"Jan,Apr,Jul,Oct",6/1/2007,4/3/2011
1096,a,c,1130,1,"Mar,Jun,Sept,Dec",9/1/2012,3/6/2014
1097,b,b,720,0,,3/1/2002,1/1/1900
1098,a,a,1830,0,,11/1/2004,1/1/1900
1099,a,c,200,1,"Jan,Apr,Jul,Oct",4/1/2013,4/3/2013
1100,a,a,540,1,"Jan,Apr,Jul,Oct",9/1/2012,4/3/2011
1101,d,c,4060,0,,9/1/2012,1/1/1900
1102,a,a,850,1,"Jan,Apr,Jul,Oct",11/1/2012,10/2/2014
1103,d,c,1340,1,"Feb,May,Aug,Nov",10/1/2006,1/30/2013
1104,d,a,260,1,"Jan,Apr,Jul,Oct",2/1/2012,4/3/2011
1105,c,c,330,1,"Feb,May,Aug,Nov",11/1/2008,1/30/2013
1106,a,c,5330,1,"Jan,Apr,Jul,Oct",9/1/2011,7/31/2013
1107,a,a,1400,1,"Jan,Apr,Jul,Oct",6/1/2012,3/27/2010
1108,a,a,540,0,,4/1/2004,1/1/1900
1109,c,a,3490,1,"Jan,Apr,Jul,Oct",4/1/2011,5/28/2012
1110,c,c,900,0,,9/1/2010,1/1/1900
1111,a,a,1900,1,"Jan,Apr,Jul,Oct",6/1/2014,7/31/2013
1112,c,c,1880,0,,4/1/2006,1/1/1900
1113,a,c,9260,0,,9/1/2012,1/1/1900
1114,a,c,870,0,,9/1/2012,1/1/1900
1115,d,c,5350,1,"Mar,Jun,Sept,Dec",9/1/2012,5/28/2012
